#{"t_start": 1748534347.4961758, "env_id": "SuperMarioBros-1-1-v0"}
r,l,t
50.295625,438,64.867658
7.564375,388,112.462384
