#{"t_start": 1748534348.4233627, "env_id": "SuperMarioBros-1-1-v0"}
r,l,t
-4.2925,43,14.764878
12.534375,149,32.987272
12.024375,308,71.703235
-10.5925,42,76.910012
