#{"t_start": 1748534348.653992, "env_id": "SuperMarioBros-1-1-v0"}
r,l,t
-10.05375,33,13.21952
18.658125,156,32.40382
